{
    "Mean Squared Error (MSE)": 0.8074078174735423,
    "Root Mean Squared Error (RMSE)": 0.8985587445868758,
    "R\u00b2 Score": 0.2456311487469598
}