{
    "Mean Squared Error (MSE)": 0.8838726231467575,
    "Root Mean Squared Error (RMSE)": 0.9401450011284204,
    "R\u00b2 Score": 0.1741893489914348
}